,train,test
mae,173160.97813313085,174395.551203775
mape,0.5435745150775668,0.5474616536341996
r2,-5048658.85590499,-4409838.730282805
