,train,test
mae,169389.0664653373,170279.23090105725
mape,0.5317946847138713,0.5349606141794886
r2,-71.54485856469627,-89.15428614043515
