,train,test
mae,89136.72243671337,90317.62973159381
mape,0.2611107817105519,0.2621886260965122
r2,-0.4799354011699677,-1.0751667331419217
