,train,test
mae,154364.52741940683,155374.36380025072
mape,0.4784130909533851,0.4814564437267143
r2,-39.09169031084018,-49.907316548463115
