,train,test
mae,89541.39035130548,90766.46045832957
mape,0.2603563269504945,0.2617359071933785
r2,-0.5898587871477943,-1.2552767447476207
