,train,test
mae,171718.85379305668,172698.0394936005
mape,0.5397564469979234,0.5432275148329752
r2,-169.19441232222985,-212.54849408019965
