,train,test
mae,159951.42114470067,161246.7222443043
mape,0.5091421512911894,0.5141547144502708
r2,-19.008679807950703,-24.135958883182873
