,train,test
mae,99549.90918498966,100044.2927820675
mape,0.32770628397504215,0.327415770117317
r2,-1.5405185015524006,-2.471946743814297
